Sample	Total	Assigned	Unassigned_rRNA	Unassigned_Unmapped	Unassigned_Read_Type	Unassigned_Singleton	Unassigned_MappingQuality	Unassigned_Chimera	Unassigned_FragmentLength	Unassigned_Duplicate	Unassigned_MultiMapping	Unassigned_Secondary	Unassigned_NonSplit	Unassigned_NoFeatures	Unassigned_Overlapping_Length	Unassigned_Ambiguity	percent_assigned	reads_processed	reads_aligned	reads_aligned_percentage	not_aligned	not_aligned_percentage	Filename	File type	Encoding	Total Sequences	Sequences flagged as poor quality	Sequence length	%GC	total_deduplicated_percentage	avg_sequence_length	basic_statistics	per_base_sequence_quality	per_tile_sequence_quality	per_sequence_quality_scores	per_base_sequence_content	per_sequence_gc_content	per_base_n_content	sequence_length_distribution	sequence_duplication_levels	overrepresented_sequences	adapter_content	r_processed	r_with_adapters	r_written	bp_processed	quality_trimmed	bp_written	percent_trimmed	pe_sense	pe_antisense	failed	se_sense	se_antisense
ERX1518397	8365915	10283	28077	8322765	0	0	0	0	34	0	0	0	0	4369	385	2	0.12291542527027828	8365915.0	43150.0	0.52	8322765.0	99.48	ERX1518397_val_1.fq.gz	Conventional base calls	Sanger / Illumina 1.9	8365915.0	0.0	20-68	53.0	34.93309624797466	64.00461348220726	pass	pass	pass	pass	fail	fail	pass	warn	fail	fail	pass	8929982	3012231	8929982	607238776	3896544	545607801	10.149380677890044	0.0164	0.3196	0.664		
ERX1518398	4886827	3864	14010	4866322	0	0	0	0	8	0	0	0	0	2448	173	2	0.07906971128709897	4886827.0	20505.0	0.42	4866322.0	99.58	ERX1518398_val_2.fq.gz	Conventional base calls	Sanger / Illumina 1.9	4886827.0	0.0	20-75	54.0	91.26389906019119	67.43260279113625	pass	fail	fail	pass	fail	fail	fail	warn	pass	warn	pass	5489885	2353976	5489885	373312180	2954939	301318297	19.28516851499461	0.0179	0.4421	0.54		
ERX1518399	6932975	8941	20802	6899499	0	0	0	0	6	0	0	0	0	3384	340	3	0.12896339594474232	6932975.0	33476.0	0.48	6899499.0	99.52	ERX1518399_val_2.fq.gz	Conventional base calls	Sanger / Illumina 1.9	6932975.0	0.0	20-75	52.0	95.55233354601508	70.43516354811607	pass	fail	fail	pass	fail	fail	fail	warn	pass	pass	pass	7366354	3458881	7366354	552476550	9876077	515391384	6.712532142766965	0.0201	0.32	0.6599		
ERX3018360	11768789	1476962	9912496	236788	0	0	0	0	34413	0	0	0	0	85913	14742	7475	12.549821396237116	11768789.0	11532001.0	97.99	236788.0	2.01	ERX3018360_val_1.fq.gz	Conventional base calls	Sanger / Illumina 1.9	11768789.0	0.0	20-124	57.0	5.021107000264249	119.80068662969488	pass	pass	pass	pass	fail	fail	pass	warn	fail	fail	pass	11779481	4917204	11779481	1460655644	6687967	1422787367	2.592553361605331	0.0011	0.0528	0.9461		
ERX3018361	7611559	921256	6439080	154162	0	0	0	0	23942	0	0	0	0	57202	10330	5587	12.103381186429743	7611559.0	7457397.0	97.97	154162.0	2.03	ERX3018361_val_2.fq.gz	Conventional base calls	Sanger / Illumina 1.9	7611559.0	0.0	20-124	58.0	7.488394151939308	120.22986526150557	pass	pass	pass	pass	fail	fail	pass	warn	fail	fail	pass	7618684	2984902	7618684	944716816	4641411	925248512	2.06075552697688	0.0011	0.0499	0.9490000000000001		
ERX3018362	8631553	1021515	7340092	166762	0	0	0	0	27417	0	0	0	0	59662	10734	5371	11.834660576144293	8631553.0	8464791.0	98.07	166762.0	1.93	ERX3018362_val_2.fq.gz	Conventional base calls	Sanger / Illumina 1.9	8631553.0	0.0	20-124	58.0	6.8692043433700825	119.72438227512475	pass	pass	pass	pass	fail	fail	pass	warn	fail	fail	pass	8639675	2754803	8639675	1071319700	2862517	1048000049	2.1767219439724665	0.0009	0.0485	0.9506		
ERX3018363	10588211	1270307	8974005	206885	0	0	0	0	31168	0	0	0	0	84752	14098	6996	11.997371416191086	10588211.0	10381326.0	98.05	206885.0	1.95	ERX3018363_val_1.fq.gz	Conventional base calls	Sanger / Illumina 1.9	10588211.0	0.0	20-124	57.0	5.488913120040015	120.06022471596005	pass	pass	pass	pass	fail	fail	pass	warn	fail	fail	pass	10597695	4315158	10597695	1314114180	7128485	1282019987	2.4422682205590385	0.0013	0.0513	0.9474		
SRX2548838	12041139	2008923	1310971	603184	0	0	0	0	0	0	0	0	0	6002601	2096200	19260	16.683828664381334	12041139.0	11437955.0	94.99	603184.0	5.01	SRX2548838_trimmed.fq.gz	Conventional base calls	Sanger / Illumina 1.9	12041139.0	0.0	20-100	45.0	18.697300244366946	58.11236727688303	pass	pass		pass	fail	fail	pass	warn	fail	fail	pass	12178685	11496372	12178685	760659251	15202671	707663501	6.967081505986968			0.2476	0.6375	0.1149
SRX2548839	6103884	882781	135431	185338	0	0	0	0	0	0	0	0	0	3988397	902237	9700	14.46261101947547	6103884.0	5918546.0	96.96	185338.0	3.04	SRX2548839_trimmed.fq.gz	Conventional base calls	Sanger / Illumina 1.9	6103884.0	0.0	20-100	44.0	14.494482226295064	52.234046059853036	pass	fail		pass	fail	fail	fail	warn	fail	fail	pass	6615689	6490869	6615689	337487202	920596	327766437	2.880335889003577			0.2066	0.6943	0.0992
SRX2548840	6346266	860306	2948389	1623822	0	0	0	0	0	0	0	0	0	833287	75159	5303	13.556097396484796	6346266.0	4722444.0	74.41	1623822.0	25.59	SRX2548840_trimmed.fq.gz	Conventional base calls	Sanger / Illumina 1.9	6346266.0	0.0	20-100	55.0	63.72891257258448	39.457308596897775	pass	fail		pass	fail	fail	fail	warn	warn	warn	pass	10111800	9959439	10111800	319906842	1385320	303113159	5.249554181151273			0.7261	0.2165	0.0574
SRX2781382	4760383	811390	102362	176208	0	0	0	0	0	0	0	0	0	3034407	629764	6252	17.044636954631592	4760383.0	4584175.0	96.3	176208.0	3.7	SRX2781382_trimmed.fq.gz	Conventional base calls	Sanger / Illumina 1.9	4760383.0	0.0	20-100	44.0	15.505580582550778	53.24732400733302	pass	fail		pass	fail	fail	fail	warn	fail	fail	pass	5192923	5051767	5192923	280108073	781617	260898695	6.857845186061453			0.2004	0.7123	0.0872
SRX2781383	14190658	4390435	1103179	6894314	0	0	0	0	0	0	0	0	0	1365681	419069	17980	30.938910655164822	14190658.0	7296344.0	51.42	6894314.0	48.58	SRX2781383_trimmed.fq.gz	Conventional base calls	Sanger / Illumina 1.9	14190658.0	0.0	20-150	45.0	32.84369938642415	54.56956654159377	pass	pass		pass	fail	pass	pass	warn	fail	fail	pass	16478669	4089183	16478669	831859017	13393344	811781987	2.4135135389173765			0.5675	0.3883	0.0442
SRX2872533	22423483	7980170	13021797	431969	0	0	0	0	0	0	0	0	0	895211	84424	9912	35.588449840731705	22423483.0	21991514.0	98.07	431969.0	1.93	SRX2872533_trimmed.fq.gz	Conventional base calls	Sanger / Illumina 1.9	22423483.0	0.0	20-94	51.0	11.019722483573632	90.52332423111969	pass	pass	warn	pass	fail	fail	pass	warn	fail	warn	pass	22451001	5562005	22451001	2110394094	59606949	2036509544	3.5009835466304144			0.8348	0.0045	0.1607
SRX2872534	24931308	8745307	14248211	584022	0	0	0	0	0	0	0	0	0	1228096	112981	12691	35.07761004757553	24931308.0	24347286.0	97.66	584022.0	2.34	SRX2872534_trimmed.fq.gz	Conventional base calls	Sanger / Illumina 1.9	24931308.0	0.0	20-94	51.0	11.809750971239376	90.40022898116699	pass	pass	warn	pass	fail	fail	pass	warn	fail	warn	pass	24986943	6409453	24986943	2348772642	68120940	2261339490	3.7225038488846636			0.8288	0.0075	0.1636
SRX327494	17581950	1264440	8973267	3521788	0	0	0	0	0	0	0	0	0	3807917	12683	1855	7.191693754105773	17581950.0	14060162.0	79.97	3521788.0	20.03	SRX327494_trimmed.fq.gz	Conventional base calls	Sanger / Illumina 1.9	17581950.0	0.0	20-32	57.0	6.3360961771160085	31.4750879737458	pass	pass	fail	pass	fail	fail	pass	warn	fail	fail	pass	18980409	6302659	18980409	607373088	6201754	564065913	7.130242655729918			0.9561	0.0039	0.04
SRX3467357	8631553	1021515	7340092	166762	0	0	0	0	27416	0	0	0	0	59662	10734	5372	11.834660576144293	8631553.0	8464791.0	98.07	166762.0	1.93	SRX3467357_val_1.fq.gz	Conventional base calls	Sanger / Illumina 1.9	8631553.0	0.0	20-124	57.0	5.616877613745345	119.91992646051064	pass	pass	pass	pass	fail	fail	pass	warn	fail	fail	pass	8639675	2754803	8639675	1071319700	2862517	1048000049	2.1767219439724665	0.0009	0.0485	0.9506		
SRX3467358	10588211	1270306	8974005	206885	0	0	0	0	31168	0	0	0	0	84752	14098	6997	11.997361971724969	10588211.0	10381326.0	98.05	206885.0	1.95	SRX3467358_val_1.fq.gz	Conventional base calls	Sanger / Illumina 1.9	10588211.0	0.0	20-124	57.0	5.488913120040015	120.06022471596005	pass	pass	pass	pass	fail	fail	pass	warn	fail	fail	pass	10597695	4315158	10597695	1314114180	7128485	1282019987	2.4422682205590385	0.0013	0.0513	0.9474		
SRX3467359	11768789	1476959	9912496	236788	0	0	0	0	34415	0	0	0	0	85913	14742	7476	12.5497959050842	11768789.0	11532001.0	97.99	236788.0	2.01	SRX3467359_val_1.fq.gz	Conventional base calls	Sanger / Illumina 1.9	11768789.0	0.0	20-124	57.0	5.021107000264249	119.80068662969488	pass	pass	pass	pass	fail	fail	pass	warn	fail	fail	pass	11779481	3826358	11779481	1460655644	3656212	1427411357	2.275983880017103	0.0011	0.0528	0.9461		
SRX3467360	7611559	921255	6439080	154162	0	0	0	0	23943	0	0	0	0	57202	10330	5587	12.103368048516733	7611559.0	7457397.0	97.97	154162.0	2.03	SRX3467360_val_1.fq.gz	Conventional base calls	Sanger / Illumina 1.9	7611559.0	0.0	20-124	57.0	6.3464124393678825	120.45069781368048	pass	pass	pass	pass	fail	fail	pass	warn	fail	fail	pass	7618684	2984902	7618684	944716816	4641411	925248512	2.06075552697688	0.0011	0.0499	0.9490000000000001		
SRX3565164	23702941	4279683	18805440	190402	0	0	0	0	0	0	0	0	0	336952	81642	8822	18.055493619968928	23702941.0	23512539.0	99.2	190402.0	0.8	SRX3565164_trimmed.fq.gz	Conventional base calls	Sanger / Illumina 1.9	23702941.0	0.0	20-76	56.0	6.490166946003116	75.18763102013375	pass	pass		pass	fail	fail	pass	warn	fail	fail	pass	23707646	6299105	23707646	1801781096	4621903	1788495769	0.737344121852192			0.9208	0.0037	0.0755
SRX3565165	22852864	2976496	19369447	204646	0	0	0	0	0	0	0	0	0	243687	51971	6617	13.024608206656284	22852864.0	22648218.0	99.1	204646.0	0.9	SRX3565165_trimmed.fq.gz	Conventional base calls	Sanger / Illumina 1.9	22852864.0	0.0	20-75	57.0	6.428970772414008	73.73495532113611	pass	pass		pass	fail	fail	pass	warn	fail	fail	pass	22857910	5052723	22857910	1714343250	4757255	1702588357	0.6856790785625925			0.9477	0.0024	0.05
SRX3565166	19643399	3214249	15899222	186702	0	0	0	0	0	0	0	0	0	266499	68349	8378	16.362998073805866	19643399.0	19456697.0	99.05	186702.0	0.95	SRX3565166_trimmed.fq.gz	Conventional base calls	Sanger / Illumina 1.9	19643399.0	0.0	20-75	56.0	7.822085861286636	73.73887889768976	pass	pass		pass	fail	fail	pass	warn	fail	fail	pass	19647028	4485299	19647028	1473527100	3871329	1463461032	0.6831274429903597			0.9257	0.0032	0.0711
SRX3565167	17888763	3435156	14011320	149193	0	0	0	0	0	0	0	0	0	231773	55392	5929	19.202870539455407	17888763.0	17739570.0	99.17	149193.0	0.83	SRX3565167_trimmed.fq.gz	Conventional base calls	Sanger / Illumina 1.9	17888763.0	0.0	20-76	55.0	7.027525663539903	75.18655191530011	pass	pass		pass	fail	fail	pass	warn	fail	fail	pass	17892213	4784245	17892213	1359808188	3456225	1349841390	0.7329561689622655			0.9256	0.0026	0.0718
SRX3565168	21998274	2947223	18626381	178882	0	0	0	0	0	0	0	0	0	188748	50859	6181	13.397519278103365	21998274.0	21819392.0	99.19	178882.0	0.81	SRX3565168_trimmed.fq.gz	Conventional base calls	Sanger / Illumina 1.9	21998274.0	0.0	20-75	57.0	6.196226590400902	73.76126736124844	pass	pass		pass	fail	fail	pass	warn	fail	fail	pass	22001274	5000885	22001274	1650095550	3988067	1639413829	0.6473395434585592			0.9497	0.0017	0.0485
SRX3565169	19030504	2457767	16153727	176951	0	0	0	0	0	0	0	0	0	185719	50583	5757	12.914881287432008	19030504.0	18853553.0	99.07	176951.0	0.93	SRX3565169_trimmed.fq.gz	Conventional base calls	Sanger / Illumina 1.9	19030504.0	0.0	20-76	57.0	6.485750274708496	75.20377936390966	pass	pass		pass	fail	fail	pass	warn	fail	fail	pass	19034102	4442017	19034102	1446591752	4334419	1436137355	0.7226915946082347			0.9492	0.0019	0.049
SRX3565170	22354795	3506622	18238637	208596	0	0	0	0	0	0	0	0	0	310107	83959	6874	15.686218549532663	22354795.0	22146199.0	99.07	208596.0	0.93	SRX3565170_trimmed.fq.gz	Conventional base calls	Sanger / Illumina 1.9	22354795.0	0.0	20-76	56.0	6.463511975927192	75.1966391103117	pass	pass		pass	fail	fail	pass	warn	fail	fail	pass	22361770	5282591	22361770	1699494520	5163429	1686859898	0.7434341123971379			0.9339	0.0029	0.0632
SRX3565171	22544717	3376997	18638907	200990	0	0	0	0	0	0	0	0	0	258398	62043	7382	14.979105747923114	22544717.0	22343727.0	99.11	200990.0	0.89	SRX3565171_trimmed.fq.gz	Conventional base calls	Sanger / Illumina 1.9	22544717.0	0.0	20-76	57.0	6.241164084721233	75.19828658749631	pass	pass		pass	fail	fail	pass	warn	fail	fail	pass	22547614	5356114	22547614	1713618664	5037544	1701297004	0.7190432888515739			0.9411	0.0022	0.0568
SRX3565172	24473369	4237064	19633004	207812	0	0	0	0	0	0	0	0	0	319748	66871	8870	17.31295760710346	24473369.0	24265557.0	99.15	207812.0	0.85	SRX3565172_trimmed.fq.gz	Conventional base calls	Sanger / Illumina 1.9	24473369.0	0.0	20-75	56.0	6.526332079100866	73.75529703327726	pass	pass		pass	fail	fail	pass	warn	fail	fail	pass	24476329	5694596	24476329	1835724675	4614578	1823569008	0.6621726648632644			0.9318	0.0028	0.0655
SRX3565173	16032615	2831049	12785427	180362	0	0	0	0	0	0	0	0	0	173027	56331	6419	17.658061395474164	16032615.0	15852253.0	98.88	180362.0	1.12	SRX3565173_trimmed.fq.gz	Conventional base calls	Sanger / Illumina 1.9	16032615.0	0.0	20-76	56.0	7.798452033999093	75.34674636670313	pass	pass		pass	fail	fail	pass	warn	fail	fail	pass	16034885	4112609	16034885	1218651260	1217464	1211678676	0.5721558110069979			0.9263	0.0027	0.071
SRX3565174	22021994	4740921	16645385	173185	0	0	0	0	0	0	0	0	0	378886	75346	8271	21.528118661734265	22021994.0	21848809.0	99.21	173185.0	0.79	SRX3565174_trimmed.fq.gz	Conventional base calls	Sanger / Illumina 1.9	22021994.0	0.0	20-75	55.0	7.029080314028312	73.77900048469725	pass	pass		pass	fail	fail	pass	warn	fail	fail	pass	22028033	5478058	22028033	1652102475	3334942	1641335806	0.6516949864142053			0.9156	0.0043	0.08
SRX3565175	22357195	4288503	17496193	198401	0	0	0	0	0	0	0	0	0	284316	80278	9504	19.18175781890349	22357195.0	22158794.0	99.11	198401.0	0.89	SRX3565175_trimmed.fq.gz	Conventional base calls	Sanger / Illumina 1.9	22357195.0	0.0	20-76	55.0	6.704887900498887	75.20401016317119	pass	pass		pass	fail	fail	pass	warn	fail	fail	pass	22359558	5427890	22359558	1699326408	4740671	1687238850	0.7113146681587967			0.925	0.0029	0.07200000000000001
SRX3565176	15925083	2882632	12643653	125495	0	0	0	0	0	0	0	0	0	214193	53857	5253	18.10120550078138	15925083.0	15799588.0	99.21	125495.0	0.79	SRX3565176_trimmed.fq.gz	Conventional base calls	Sanger / Illumina 1.9	15925083.0	0.0	20-76	56.0	6.929199859441291	75.32970157832146	pass	pass		pass	fail	fail	pass	warn	fail	fail	pass	15927862	4289964	15927862	1210517512	1198747	1203266157	0.5990293348189084			0.9258	0.0035	0.0707
SRX3565177	17952862	2904538	14632512	140185	0	0	0	0	0	0	0	0	0	221376	48874	5377	16.17869061768536	17952862.0	17812677.0	99.22	140185.0	0.78	SRX3565177_trimmed.fq.gz	Conventional base calls	Sanger / Illumina 1.9	17952862.0	0.0	20-76	56.0	6.257750736971318	75.32252506591985	pass	pass		pass	fail	fail	pass	warn	fail	fail	pass	17955407	4886070	17955407	1364610932	1338168	1356463177	0.5970753134784356			0.9358	0.0024	0.0618
SRX3565178	17163502	2796633	13972993	141367	0	0	0	0	0	0	0	0	0	193041	53818	5650	16.294069823279656	17163502.0	17022135.0	99.18	141367.0	0.82	SRX3565178_trimmed.fq.gz	Conventional base calls	Sanger / Illumina 1.9	17163502.0	0.0	20-76	56.0	6.6614004415203425	75.35943457226854	pass	pass		pass	fail	fail	pass	warn	fail	fail	pass	17167672	4293902	17167672	1304743072	1310354	1297220698	0.5765406355803973			0.9362	0.0025	0.0613
SRX3565179	21629710	3683727	17375367	188864	0	0	0	0	0	0	0	0	0	298485	75308	7959	17.03086634078774	21629710.0	21440846.0	99.13	188864.0	0.87	SRX3565179_trimmed.fq.gz	Conventional base calls	Sanger / Illumina 1.9	21629710.0	0.0	20-75	56.0	7.0480038833128775	73.73702634015899	pass	pass		pass	fail	fail	pass	warn	fail	warn	pass	21634009	4844894	21634009	1622550675	4447489	1611419492	0.6860299139809609			0.9336	0.0028	0.0637
SRX3565180	13151400	2113803	10753800	103969	0	0	0	0	0	0	0	0	0	141567	34151	4110	16.07283635202336	13151400.0	13047431.0	99.21	103969.0	0.79	SRX3565180_trimmed.fq.gz	Conventional base calls	Sanger / Illumina 1.9	13151400.0	0.0	20-76	56.0	7.2235780845479916	75.31827470839606	pass	pass		pass	fail	fail	pass	warn	fail	fail	pass	13153625	3594964	13153625	999675500	995972	993564861	0.6112622546016183			0.9329999999999999	0.0025	0.0645
SRX3565181	20159792	4117431	15456289	241262	0	0	0	0	0	0	0	0	0	269872	66660	8278	20.423975604510204	20159792.0	19918530.0	98.8	241262.0	1.2	SRX3565181_trimmed.fq.gz	Conventional base calls	Sanger / Illumina 1.9	20159792.0	0.0	20-75	55.0	8.39848484166596	73.74162540962725	pass	pass		pass	fail	fail	pass	warn	fail	fail	pass	20163281	4835625	20163281	1512246075	3724557	1501866821	0.6863468962880265			0.9255	0.0028	0.0717
SRX3565182	23956521	2830245	20632354	199234	0	0	0	0	0	0	0	0	0	240222	48774	5692	11.81409020116068	23956521.0	23757287.0	99.17	199234.0	0.83	SRX3565182_trimmed.fq.gz	Conventional base calls	Sanger / Illumina 1.9	23956521.0	0.0	20-75	57.0	5.872063598191043	73.74783041327244	pass	pass		pass	fail	fail	pass	warn	fail	fail	pass	23960290	5382784	23960290	1797021750	4503392	1785114356	0.6626182459950749			0.9548	0.002	0.0432
SRX3565183	19660887	2278759	16906227	186452	0	0	0	0	0	0	0	0	0	233190	51344	4915	11.590316347375374	19660887.0	19474435.0	99.05	186452.0	0.95	SRX3565183_trimmed.fq.gz	Conventional base calls	Sanger / Illumina 1.9	19660887.0	0.0	20-76	57.0	6.276832622150165	75.20084856802241	pass	pass		pass	fail	fail	pass	warn	fail	fail	pass	19665945	4580677	19665945	1494611820	4549451	1483611090	0.7360258933319556			0.9504	0.0023	0.0473
SRX3565184	15562616	2448847	12707824	129830	0	0	0	0	0	0	0	0	0	213161	58128	4826	15.735445763103067	15562616.0	15432786.0	99.17	129830.0	0.83	SRX3565184_trimmed.fq.gz	Conventional base calls	Sanger / Illumina 1.9	15562616.0	0.0	20-76	56.0	7.006868383156589	75.35971355972544	pass	pass		pass	fail	fail	pass	warn	fail	fail	pass	15565473	3898467	15565473	1182975948	1173882	1176317122	0.5628876911029133			0.9337	0.0029	0.0634
SRX3565185	22092645	3256389	18359767	185892	0	0	0	0	0	0	0	0	0	222315	61124	7158	14.739697306501776	22092645.0	21906753.0	99.16	185892.0	0.84	SRX3565185_trimmed.fq.gz	Conventional base calls	Sanger / Illumina 1.9	22092645.0	0.0	20-75	57.0	6.649281335923117	73.73318432446634	pass	pass		pass	fail	fail	pass	warn	fail	fail	pass	22098379	4872060	22098379	1657378425	4582071	1645932425	0.6906087244378121			0.9449	0.0021	0.0529
SRX3565186	22724875	3925659	18229037	202519	0	0	0	0	0	0	0	0	0	283274	75770	8616	17.274722083179775	22724875.0	22522356.0	99.11	202519.0	0.89	SRX3565186_trimmed.fq.gz	Conventional base calls	Sanger / Illumina 1.9	22724875.0	0.0	20-75	56.0	7.1250161247474875	73.73377103284395	pass	pass		pass	fail	fail	pass	warn	fail	warn	pass	22729847	5178744	22729847	1704738525	4614378	1692905258	0.6941397068503511			0.9279999999999999	0.0028	0.0692
SRX3565187	24290701	5372568	18182879	212178	0	0	0	0	0	0	0	0	0	404423	107735	10918	22.117797259123975	24290701.0	24078523.0	99.13	212178.0	0.87	SRX3565187_trimmed.fq.gz	Conventional base calls	Sanger / Illumina 1.9	24290701.0	0.0	20-76	54.0	6.641253619765854	75.20743505920228	pass	pass		pass	fail	fail	pass	warn	fail	fail	pass	24293825	6293795	24293825	1846330700	4509960	1833306843	0.7053913472813944			0.9121	0.004	0.0839
SRX3565188	15970115	2510796	13065585	140885	0	0	0	0	0	0	0	0	0	190417	56697	5735	15.721840450115733	15970115.0	15829230.0	99.12	140885.0	0.88	SRX3565188_trimmed.fq.gz	Conventional base calls	Sanger / Illumina 1.9	15970115.0	0.0	20-76	56.0	7.112134151107183	75.35495254730476	pass	pass		pass	fail	fail	pass	warn	fail	fail	pass	15972963	3973892	15972963	1213945188	1285022	1207008966	0.5713785159795864			0.934	0.0027	0.0634
SRX3565189	15880073	2756898	12718127	131910	0	0	0	0	0	0	0	0	0	211481	55933	5724	17.36073883287564	15880073.0	15748163.0	99.17	131910.0	0.83	SRX3565189_trimmed.fq.gz	Conventional base calls	Sanger / Illumina 1.9	15880073.0	0.0	20-76	56.0	6.672749903180589	75.36312496800235	pass	pass		pass	fail	fail	pass	warn	fail	fail	pass	15881059	3901124	15881059	1206960484	1277560	1200276758	0.553765105701671			0.9287	0.0033	0.068
SRX3565190	22903112	3612973	18868371	171157	0	0	0	0	0	0	0	0	0	181084	61961	7566	15.775030921562099	22903112.0	22731955.0	99.25	171157.0	0.75	SRX3565190_trimmed.fq.gz	Conventional base calls	Sanger / Illumina 1.9	22903112.0	0.0	20-76	56.0	5.959437456580631	75.19705697636198	pass	pass		pass	fail	fail	pass	warn	fail	fail	pass	22906896	5939774	22906896	1740924096	4440242	1728346309	0.7224776214482358			0.9321	0.0017	0.0662
SRX3565191	19332255	2897224	15982351	183377	0	0	0	0	0	0	0	0	0	200105	62685	6513	14.986477262999065	19332255.0	19148878.0	99.05	183377.0	0.95	SRX3565191_trimmed.fq.gz	Conventional base calls	Sanger / Illumina 1.9	19332255.0	0.0	20-76	56.0	6.45034563647707	75.35789001334815	pass	pass		pass	fail	fail	pass	warn	fail	fail	pass	19335498	4821816	19335498	1469497848	1488795	1461163477	0.5671577546944458			0.9356	0.0022	0.0622
SRX3565192	18375546	3415966	14500665	168029	0	0	0	0	0	0	0	0	0	218003	64492	8391	18.58973877565325	18375546.0	18207517.0	99.09	168029.0	0.91	SRX3565192_trimmed.fq.gz	Conventional base calls	Sanger / Illumina 1.9	18375546.0	0.0	20-75	56.0	8.060164860202313	73.73666621933302	pass	pass		pass	fail	fail	pass	warn	fail	warn	pass	18379669	4160545	18379669	1378475175	3647868	1368977755	0.6889801261745611			0.9191	0.0031	0.0777
SRX3565193	20661464	3550459	16605545	201572	0	0	0	0	0	0	0	0	0	229929	66819	7140	17.183966247503086	20661464.0	20459892.0	99.02	201572.0	0.98	SRX3565193_trimmed.fq.gz	Conventional base calls	Sanger / Illumina 1.9	20661464.0	0.0	20-76	56.0	6.936776493237931	75.20322422457576	pass	pass		pass	fail	fail	pass	warn	fail	fail	pass	20666698	4983446	20666698	1570669048	4455874	1559239410	0.727692317777182			0.9337	0.0025	0.0638
SRX3565194	19660205	3811338	15326823	182474	0	0	0	0	0	0	0	0	0	247981	82348	9241	19.38605421459237	19660205.0	19477731.0	99.07	182474.0	0.93	SRX3565194_trimmed.fq.gz	Conventional base calls	Sanger / Illumina 1.9	19660205.0	0.0	20-75	55.0	7.886936080027826	73.73521374777121	pass	pass		pass	fail	fail	pass	warn	fail	warn	pass	19664166	4523296	19664166	1474812450	3977526	1464602274	0.6923033501649649			0.9224	0.0033	0.0743
SRX3565195	9409307	1852433	7308010	69765	0	0	0	0	0	0	0	0	0	141502	33355	4242	19.687241579002574	9409307.0	9339542.0	99.26	69765.0	0.74	SRX3565195_trimmed.fq.gz	Conventional base calls	Sanger / Illumina 1.9	9409307.0	0.0	20-76	55.0	9.132283418427033	75.34408261947452	pass	pass		pass	fail	fail	pass	warn	fail	fail	pass	9410458	2421162	9410458	715194808	679209	711110958	0.5710122548876222			0.9145	0.0035	0.0819
SRX3565196	21743918	2588155	18795673	168297	0	0	0	0	0	0	0	0	0	142554	43142	6097	11.902891649977711	21743918.0	21575621.0	99.23	168297.0	0.77	SRX3565196_trimmed.fq.gz	Conventional base calls	Sanger / Illumina 1.9	21743918.0	0.0	20-75	57.0	5.964318560622917	73.76108914685936	pass	pass		pass	fail	fail	pass	warn	fail	fail	pass	21746666	4925134	21746666	1630999950	3853835	1620483893	0.6447613318443082			0.9494	0.0014	0.0492
SRX3565197	23253320	4458092	18165727	204620	0	0	0	0	0	0	0	0	0	320413	93082	11386	19.171851589364444	23253320.0	23048700.0	99.12	204620.0	0.88	SRX3565197_trimmed.fq.gz	Conventional base calls	Sanger / Illumina 1.9	23253320.0	0.0	20-76	55.0	6.8617179322037085	75.20133924962113	pass	pass		pass	fail	fail	pass	warn	fail	fail	pass	23257742	5651087	23257742	1767588392	4945659	1754880435	0.7189432255560999			0.9101	0.0034	0.0865
SRX3565198	19021907	2885033	15672660	173118	0	0	0	0	0	0	0	0	0	227082	57938	6076	15.16689677854066	19021907.0	18848789.0	99.09	173118.0	0.91	SRX3565198_trimmed.fq.gz	Conventional base calls	Sanger / Illumina 1.9	19021907.0	0.0	20-76	57.0	6.725936481923473	75.20561687111602	pass	pass		pass	fail	fail	pass	warn	fail	fail	pass	19024639	4515614	19024639	1445872564	4229530	1435538331	0.7147402376465593			0.9404	0.0025	0.0571
SRX3565199	18752518	4937456	13317475	171174	0	0	0	0	0	0	0	0	0	254665	62451	9297	26.32956278191547	18752518.0	18581344.0	99.09	171174.0	0.91	SRX3565199_trimmed.fq.gz	Conventional base calls	Sanger / Illumina 1.9	18752518.0	0.0	20-76	54.0	7.425639395095682	75.30570475922221	pass	pass		pass	fail	fail	pass	warn	fail	fail	pass	18755762	5249361	18755762	1425437912	1324102	1416580854	0.6213569826814035			0.8959	0.0039	0.1002
SRX3565200	21634280	5309200	15668348	183734	0	0	0	0	0	0	0	0	0	369186	92983	10829	24.540682657338266	21634280.0	21450546.0	99.15	183734.0	0.85	SRX3565200_trimmed.fq.gz	Conventional base calls	Sanger / Illumina 1.9	21634280.0	0.0	20-75	54.0	7.838546356880242	73.77440053470696	pass	pass		pass	fail	fail	pass	warn	fail	fail	pass	21637847	5330894	21637847	1622838525	3366332	1612363407	0.6454812255581621			0.8997	0.0038	0.0965
SRX3565201	23737576	3896537	19280161	208958	0	0	0	0	0	0	0	0	0	263258	79408	9254	16.415058555262767	23737576.0	23528618.0	99.12	208958.0	0.88	SRX3565201_trimmed.fq.gz	Conventional base calls	Sanger / Illumina 1.9	23737576.0	0.0	20-75	56.0	6.952733649621575	73.73855595027902	pass	pass		pass	fail	fail	pass	warn	fail	warn	pass	23741229	5326326	23741229	1780592175	4793627	1768502090	0.6789923694907847			0.9321	0.0025	0.0654
SRX3565202	25621607	8632670	15619172	223147	0	0	0	0	0	0	0	0	0	949894	175952	20772	33.69292956526888	25621607.0	25398460.0	99.13	223147.0	0.87	SRX3565202_trimmed.fq.gz	Conventional base calls	Sanger / Illumina 1.9	25621607.0	0.0	20-76	51.0	8.244625780961393	75.18521051392287	pass	pass		pass	fail	fail	pass	warn	fail	fail	pass	25624773	6988240	25624773	1947482748	4582444	1933613101	0.7121833050507721			0.8375	0.0123	0.1503
SRX3565203	20381848	4911678	14941681	151606	0	0	0	0	0	0	0	0	0	291095	75912	9876	24.09829569919273	20381848.0	20230242.0	99.26	151606.0	0.74	SRX3565203_trimmed.fq.gz	Conventional base calls	Sanger / Illumina 1.9	20381848.0	0.0	20-76	54.0	6.838297655386338	75.31573525619463	pass	pass		pass	fail	fail	pass	warn	fail	fail	pass	20384514	5660801	20384514	1549223064	1443088	1539925625	0.6001355915780505			0.9013	0.0038	0.0949
SRX3565204	22141611	5163794	16377176	175827	0	0	0	0	0	0	0	0	0	323390	90090	11334	23.321672483542407	22141611.0	21965784.0	99.21	175827.0	0.79	SRX3565204_trimmed.fq.gz	Conventional base calls	Sanger / Illumina 1.9	22141611.0	0.0	20-75	54.0	7.213176335892219	73.78036277486764	pass	pass		pass	fail	fail	pass	warn	fail	fail	pass	22146243	5589746	22146243	1660968225	3406944	1650155611	0.6509825917952163			0.9052	0.004	0.0908
SRX3565205	19184708	4503564	13994704	159164	0	0	0	0	0	0	0	0	0	438150	79506	9620	23.474759167562	19184708.0	19025544.0	99.17	159164.0	0.83	SRX3565205_trimmed.fq.gz	Conventional base calls	Sanger / Illumina 1.9	19184708.0	0.0	20-76	54.0	7.849973527355743	75.19730016219168	pass	pass		pass	fail	fail	pass	warn	fail	fail	pass	19187930	5152149	19187930	1458282680	3418445	1447802247	0.7186832253949557			0.8962	0.0065	0.0972
SRX3565206	18056265	2828872	14833831	138548	0	0	0	0	0	0	0	0	0	200475	48673	5866	15.666983177307156	18056265.0	17917717.0	99.23	138548.0	0.77	SRX3565206_trimmed.fq.gz	Conventional base calls	Sanger / Illumina 1.9	18056265.0	0.0	20-76	56.0	6.466793157845338	75.3177162608103	pass	pass		pass	fail	fail	pass	warn	fail	fail	pass	18059539	4953642	18059539	1372524964	1364796	1364075627	0.6156053420970783			0.9339	0.0029	0.0632
SRX3565207	20093553	4756111	14795389	169212	0	0	0	0	0	0	0	0	0	276096	85141	11604	23.66983579260472	20093553.0	19924341.0	99.16	169212.0	0.84	SRX3565207_trimmed.fq.gz	Conventional base calls	Sanger / Illumina 1.9	20093553.0	0.0	20-75	54.0	8.229280758155634	73.75504600903585	pass	pass		pass	fail	fail	pass	warn	fail	warn	pass	20095095	4744016	20095095	1507132125	3530699	1497183531	0.6601009848423209			0.9034	0.004	0.0926
SRX3565208	13337862	1915183	11101726	119968	0	0	0	0	0	0	0	0	0	155841	40741	4403	14.358995467189569	13337862.0	13217894.0	99.1	119968.0	0.9	SRX3565208_trimmed.fq.gz	Conventional base calls	Sanger / Illumina 1.9	13337862.0	0.0	20-76	57.0	7.793796362832291	75.19883081711295	pass	pass		pass	fail	fail	pass	warn	fail	fail	pass	13340101	3089633	13340101	1013847676	3142243	1006520575	0.7227023519852701			0.9379	0.0024	0.0597
SRX3565209	18573652	2783247	15311962	180721	0	0	0	0	0	0	0	0	0	233678	57301	6743	14.984920574585976	18573652.0	18392931.0	99.03	180721.0	0.97	SRX3565209_trimmed.fq.gz	Conventional base calls	Sanger / Illumina 1.9	18573652.0	0.0	20-75	57.0	7.616920468673223	73.72645207307642	pass	pass		pass	fail	fail	pass	warn	fail	fail	pass	18577772	4152498	18577772	1393332900	3981146	1383552773	0.7019232087320983			0.9364	0.0027	0.0609
SRX3565210	17778591	4505901	12811381	137971	0	0	0	0	0	0	0	0	0	241245	72271	9822	25.34453377098331	17778591.0	17640620.0	99.22	137971.0	0.78	SRX3565210_trimmed.fq.gz	Conventional base calls	Sanger / Illumina 1.9	17778591.0	0.0	20-76	54.0	7.488036196486193	75.29740753921388	pass	pass		pass	fail	fail	pass	warn	fail	fail	pass	17783305	5037114	17783305	1351531180	1328188	1342990762	0.6319068421344153			0.8939	0.0038	0.1023
SRX3565211	17297935	3190153	13716832	137180	0	0	0	0	0	0	0	0	0	193940	53095	6735	18.44239211212205	17297935.0	17160755.0	99.21	137180.0	0.79	SRX3565211_trimmed.fq.gz	Conventional base calls	Sanger / Illumina 1.9	17297935.0	0.0	20-76	55.0	6.605799508509295	75.31800298706175	pass	pass		pass	fail	fail	pass	warn	fail	fail	pass	17303162	4732118	17303162	1315040312	1324767	1306837182	0.6237930446044			0.924	0.0031	0.0729
SRX3823521	6720853	3188769	2755158	218070	0	0	0	0	17888	0	0	0	0	406227	40443	94298	47.44589712049944	6720853.0	6502783.0	96.76	218070.0	3.24	SRX3823521_val_1.fq.gz	Conventional base calls	Sanger / Illumina 1.9	6720853.0	0.0	20-25	48.0	10.305752966618579	24.491940085581398	pass	pass	pass	pass	fail	warn	fail	warn	fail	fail	pass	6738314	1752334	6738314	168457850	245049	165896369	1.5205471279610894	0.0145	0.2629	0.7226		
SRX3823522	14390760	4163170	8792954	630384	0	0	0	0	68616	0	0	0	0	542866	56758	136012	28.92946585169929	14390760.0	13760376.0	95.62	630384.0	4.38	SRX3823522_val_2.fq.gz	Conventional base calls	Sanger / Illumina 1.9	14390760.0	0.0	20-25	52.0	7.488618799949569	24.60136907293291	pass	pass	pass	pass	fail	fail	fail	warn	fail	warn	pass	14442392	4128349	14442392	361059800	829316	354843138	1.7217818211830838	0.0091	0.1623	0.8286		
SRX3823523	6760515	2905238	3070783	226881	0	0	0	0	15520	0	0	0	0	415538	40818	85737	42.973619613298695	6760515.0	6533634.0	96.64	226881.0	3.36	SRX3823523_val_2.fq.gz	Conventional base calls	Sanger / Illumina 1.9	6760515.0	0.0	20-25	48.0	12.007113682528491	24.63499052956764	pass	pass	pass	pass	fail	fail	fail	warn	fail	warn	pass	6778719	1788065	6778719	169467975	272888	166840344	1.5505177305623672	0.0145	0.2442	0.7413		
SRX3823524	9333657	2925249	5349669	501503	0	0	0	0	50239	0	0	0	0	394553	33633	78811	31.34086671494357	9333657.0	8832154.0	94.63	501503.0	5.37	SRX3823524_val_1.fq.gz	Conventional base calls	Sanger / Illumina 1.9	9333657.0	0.0	20-25	52.0	7.828995742198128	24.475183628453454	pass	pass	pass	pass	fail	fail	fail	warn	fail	fail	pass	9369993	3612790	9369993	234249825	88950	229250780	2.1340656284375026	0.0093	0.1784	0.8123		
SRX3823525	13892547	3931352	8526600	612647	0	0	0	0	78042	0	0	0	0	545244	15181	183481	28.29828108553457	13892547.0	13279900.0	95.59	612647.0	4.41	SRX3823525_val_1.fq.gz	Conventional base calls	Sanger / Illumina 1.9	13892547.0	0.0	20-25	54.0	5.917523391278018	24.989627675904213	pass	pass	pass	pass	fail	fail	fail	warn	fail	fail	pass	13927289	69223	13927289	348182225	801651	347259982	0.26487365918808753	0.0087	0.168	0.8233		
SRX3823526	9734862	4867551	3616486	383241	0	0	0	0	44987	0	0	0	0	570327	15386	236884	50.001232683113535	9734862.0	9351621.0	96.06	383241.0	3.94	SRX3823526_val_1.fq.gz	Conventional base calls	Sanger / Illumina 1.9	9734862.0	0.0	20-25	48.0	9.502365609276735	24.98975845779837	pass	pass	pass	pass	fail	warn	fail	warn	fail	warn	pass	9768706	53280	9768706	244217650	718335	243412878	0.3295306461265187	0.012	0.2669	0.7211		
SRX3823527	7761767	2413361	4533368	288630	0	0	0	0	39897	0	0	0	0	381165	9236	96110	31.092932833464342	7761767.0	7473137.0	96.28	288630.0	3.72	SRX3823527_val_2.fq.gz	Conventional base calls	Sanger / Illumina 1.9	7761767.0	0.0	20-25	52.0	10.000975833029484	24.97456481236811	pass	pass	pass	pass	fail	fail	fail	warn	fail	warn	pass	7780906	33737	7780906	194522650	424488	194037871	0.24921468014136144	0.0098	0.187	0.8032		
SRX3823528	6848540	2218197	4043612	161863	0	0	0	0	19861	0	0	0	0	317139	26884	60984	32.38934137787032	6848540.0	6686677.0	97.64	161863.0	2.36	SRX3823528_val_1.fq.gz	Conventional base calls	Sanger / Illumina 1.9	6848540.0	0.0	20-25	52.0	9.235126274142004	24.474478063937717	pass	pass	pass	pass	fail	fail	fail	warn	fail	fail	pass	6868039	1920442	6868039	171700975	270473	168927795	1.6151218710318913	0.0098	0.1875	0.8027		
SRX3823529	5347063	1509863	3415928	117850	0	0	0	0	20689	0	0	0	0	226164	16756	39813	28.237239770692806	5347063.0	5229213.0	97.8	117850.0	2.2	SRX3823529_val_2.fq.gz	Conventional base calls	Sanger / Illumina 1.9	5347063.0	0.0	20-25	53.0	10.91760425510532	24.613122194370998	pass	pass	pass	pass	fail	fail	fail	warn	fail	warn	pass	5361332	2095445	5361332	134033300	51140	131140174	2.158512847180514	0.0081	0.1671	0.8249		
SRX3823530	6685008	1944692	4213597	143531	0	0	0	0	20968	0	0	0	0	279764	24143	58313	29.09034663832863	6685008.0	6541477.0	97.85	143531.0	2.15	SRX3823530_val_1.fq.gz	Conventional base calls	Sanger / Illumina 1.9	6685008.0	0.0	20-25	53.0	8.096403129535963	24.46922157759572	pass	pass	pass	pass	fail	fail	fail	warn	fail	fail	pass	6704985	1882611	6704985	167624625	269241	164903610	1.6232787992814302	0.0091	0.1697	0.8212		
SRX3823531	9873163	3953606	5057596	144568	0	0	0	0	23487	0	0	0	0	530981	46068	116857	40.04396564707784	9873163.0	9728595.0	98.54	144568.0	1.46	SRX3823531_val_1.fq.gz	Conventional base calls	Sanger / Illumina 1.9	9873163.0	0.0	20-25	50.0	8.345839036481244	24.471258906593558	pass	pass	pass	pass	fail	fail	fail	warn	fail	fail	pass	9898327	3754976	9898327	247458175	88407	242137237	2.1502373077793853	0.0114	0.2246	0.764		
SRX3823532	8112707	2972252	4285575	265298	0	0	0	0	20568	0	0	0	0	435770	41454	91790	36.63699428563117	8112707.0	7847409.0	96.73	265298.0	3.27	SRX3823532_val_1.fq.gz	Conventional base calls	Sanger / Illumina 1.9	8112707.0	0.0	20-25	51.0	9.285701506068472	24.487359151513797	pass	pass	pass	pass	fail	fail	fail	warn	fail	fail	pass	8132628	2196835	8132628	203315700	321526	200107319	1.5780291438388674	0.0122	0.2109	0.7769		
SRX3823533	10576003	3704275	6059058	196625	0	0	0	0	33459	0	0	0	0	437567	41215	103804	35.02528318117913	10576003.0	10379378.0	98.14	196625.0	1.86	SRX3823533_val_1.fq.gz	Conventional base calls	Sanger / Illumina 1.9	10576003.0	0.0	20-25	52.0	7.298986308715373	24.469099526541356	pass	pass	pass	pass	fail	fail	fail	warn	fail	fail	pass	10604199	2909114	10604199	265104975	353201	260940512	1.5708731984377131	0.0097	0.1943	0.7959999999999999		
SRX3823534	7812170	3145835	3636739	389768	0	0	0	0	27660	0	0	0	0	492543	40116	79509	40.268388936748686	7812170.0	7422402.0	95.01	389768.0	4.99	SRX3823534_val_2.fq.gz	Conventional base calls	Sanger / Illumina 1.9	7812170.0	0.0	20-25	49.0	11.767486560068035	24.608829556960487	pass	pass	pass	pass	fail	fail	fail	warn	fail	warn	pass	7849859	2940975	7849859	196246475	72964	192133831	2.095652418724973	0.0129	0.2404	0.7466		
SRX3823536	7452743	4596254	1885324	127544	0	0	0	0	21139	0	0	0	0	646769	54895	120818	61.671977686604784	7452743.0	7325199.0	98.29	127544.0	1.71	SRX3823536_val_1.fq.gz	Conventional base calls	Sanger / Illumina 1.9	7452743.0	0.0	20-25	45.0	12.640822037670054	24.490704429228273	pass	pass	pass	pass	fail	warn	fail	warn	fail	warn	pass	7466884	1848536	7466884	186672100	193560	184017957	1.4218209362834615	0.0185	0.3488	0.6327		
SRX3823537	7081948	2633659	3718526	221142	0	0	0	0	22397	0	0	0	0	349703	9955	126566	37.188341399852135	7081948.0	6860806.0	96.88	221142.0	3.12	SRX3823537_val_1.fq.gz	Conventional base calls	Sanger / Illumina 1.9	7081948.0	0.0	20-25	51.0	9.846288613991947	24.989723590176038	pass	pass	pass	pass	fail	fail	fail	warn	fail	fail	pass	7095542	28857	7095542	177388550	325226	177023011	0.20606685155270726	0.0117	0.2147	0.7736		
SRX3823538	5617417	1768074	3284992	226998	0	0	0	0	19726	0	0	0	0	221335	6433	89859	31.47485757243944	5617417.0	5390419.0	95.96	226998.0	4.04	SRX3823538_val_2.fq.gz	Conventional base calls	Sanger / Illumina 1.9	5617417.0	0.0	20-25	52.0	11.888150306383553	24.973477133707537	pass	pass	pass	pass	fail	fail	fail	warn	fail	warn	pass	5629915	6940	5629915	140747875	53202	140682198	0.04666287146431163	0.0102	0.1734	0.8164		
SRX3823539	11419725	2641100	7943133	221869	0	0	0	0	48197	0	0	0	0	434524	10192	120710	23.127527151485697	11419725.0	11197856.0	98.06	221869.0	1.94	SRX3823539_val_2.fq.gz	Conventional base calls	Sanger / Illumina 1.9	11419725.0	0.0	20-25	55.0	7.174295019271719	24.973229653078327	pass	pass	pass	pass	fail	fail	fail	warn	fail	warn	pass	11437404	49325	11437404	285935100	462266	285397518	0.18800839770983	0.0081	0.1396	0.8522		
SRX4001511	18927699	7228933	10172428	399267	0	0	0	0	56308	0	0	0	0	782003	96976	191784	38.192349740980134	18927699.0	18528432.0	97.89	399267.0	2.11	SRX4001511_val_2.fq.gz	Conventional base calls	Sanger / Illumina 1.9	18927699.0	0.0	20-75	51.0	11.120210706298387	37.470453857069465	pass	pass	fail	pass	fail	fail	fail	warn	fail	warn	pass	19010955	6923713	19010955	725755440	380008	715868550	1.3622894786706663	0.0131	0.2002	0.7868		
SRX4001512	3960527	2149430	1285377	145726	0	0	0	0	9205	0	0	0	0	305552	40155	25082	54.271312883361226	3960527.0	3814801.0	96.32	145726.0	3.68	SRX4001512_val_1.fq.gz	Conventional base calls	Sanger / Illumina 1.9	3960527.0	0.0	20-75	46.0	24.52247982666677	73.7445536919708	pass	pass		pass	fail	fail	fail	warn	fail	warn	pass	3966659	1410240	3966659	297499425	134661	295311304	0.7355042787057487	0.0154	0.2756	0.7090000000000001		
SRX4001513	13144967	6004163	5672137	175664	0	0	0	0	84594	0	0	0	0	858171	29075	321163	45.676516342718855	13144967.0	12969303.0	98.66	175664.0	1.34	SRX4001513_val_2.fq.gz	Conventional base calls	Sanger / Illumina 1.9	13144967.0	0.0	20-26	49.0	10.017333381799922	25.97615726231949	pass	pass	pass	pass	fail	fail	fail	warn	fail	fail	pass	13189248	49107	13189248	342920448	1029112	341816262	0.3219947968807039	0.0167	0.2674	0.7159		
SRX4001514	17043124	7315264	8218678	310990	0	0	0	0	55867	0	0	0	0	841223	49549	251553	42.92208400290933	17043124.0	16732134.0	98.18	310990.0	1.82	SRX4001514_val_2.fq.gz	Conventional base calls	Sanger / Illumina 1.9	17043124.0	0.0	20-75	50.0	10.732362992616034	36.88502929392522	pass	pass	fail	pass	fail	fail	fail	warn	fail	warn	pass	17092564	65859	17092564	634613982	1485269	632993371	0.2553695704737877	0.0183	0.2183	0.7634		
SRX4001515	4164284	2693920	1068134	128414	0	0	0	0	6839	0	0	0	0	207315	39168	20494	64.69107294315182	4164284.0	4035870.0	96.92	128414.0	3.08	SRX4001515_val_1.fq.gz	Conventional base calls	Sanger / Illumina 1.9	4164284.0	0.0	20-75	44.0	22.461914094576116	73.74101574244216	pass	pass		pass	fail	fail	fail	warn	fail	warn	pass	4170669	1440072	4170669	312800175	132372	310508770	0.7325459456664306	0.0154	0.2601	0.7245		
SRX4001516	13404312	6487003	5664958	194499	0	0	0	0	65768	0	0	0	0	723129	98238	170717	48.39489710475256	13404312.0	13209813.0	98.55	194499.0	1.45	SRX4001516_val_2.fq.gz	Conventional base calls	Sanger / Illumina 1.9	13404312.0	0.0	20-26	48.0	10.323568180587351	25.628436506103412	pass	pass	pass	pass	fail	fail	fail	warn	fail	warn	pass	13515053	4746777	13515053	351391378	180173	344545156	1.948318151391865	0.0202	0.2348	0.7449		
SRX4001517	18099791	6073423	10383234	393708	0	0	0	0	69995	0	0	0	0	921501	44362	213568	33.555210665139725	18099791.0	17706083.0	97.82	393708.0	2.18	SRX4001517_val_2.fq.gz	Conventional base calls	Sanger / Illumina 1.9	18099791.0	0.0	20-75	52.0	10.196212705765145	37.39342150414886	pass	pass	fail	pass	fail	fail	fail	warn	fail	warn	pass	18161711	72604	18161711	683604010	1784801	681702225	0.2781998016658796	0.0203	0.1864	0.7932		
SRX4001518	4547698	2646319	1423637	147460	0	0	0	0	7356	0	0	0	0	261539	42068	19319	58.19029759671817	4547698.0	4400238.0	96.76	147460.0	3.24	SRX4001518_val_2.fq.gz	Conventional base calls	Sanger / Illumina 1.9	4547698.0	0.0	20-75	45.0	22.714069743285826	73.80331851411417	pass	pass		pass	fail	fail	fail	warn	fail	warn	pass	4553163	1599727	4553163	341487225	125170	339025747	0.7208111518666621	0.0165	0.2454	0.7381		
SRX4001519	13264002	7044002	4830384	216892	0	0	0	0	92763	0	0	0	0	764417	104121	211423	53.106159061194354	13264002.0	13047110.0	98.36	216892.0	1.64	SRX4001519_val_1.fq.gz	Conventional base calls	Sanger / Illumina 1.9	13264002.0	0.0	20-26	47.0	10.31884177474068	25.50859898845009	pass	pass	pass	pass	fail	fail	fail	warn	fail	warn	pass	13378419	4585132	13378419	347838894	170325	341167810	1.9178660336931732	0.0233	0.2438	0.7329		
SRX4001520	16237574	6794976	7884396	352111	0	0	0	0	63668	0	0	0	0	889828	97570	155025	41.84723653915295	16237574.0	15885463.0	97.83	352111.0	2.17	SRX4001520_val_1.fq.gz	Conventional base calls	Sanger / Illumina 1.9	16237574.0	0.0	20-75	50.0	11.316433916092892	35.8279224470355	pass	pass	fail	pass	fail	fail	fail	warn	fail	warn	pass	16337988	5867488	16337988	598507339	273414	590123321	1.4008212520849306	0.0224	0.2185	0.7591		
SRX4001521	4267233	2695517	1065597	158962	0	0	0	0	7521	0	0	0	0	271955	32775	34906	63.167795149690676	4267233.0	4108271.0	96.27	158962.0	3.73	SRX4001521_val_1.fq.gz	Conventional base calls	Sanger / Illumina 1.9	4267233.0	0.0	20-75	44.0	22.490506319230967	73.97819664405482	pass	pass		pass	fail	fail	fail	warn	fail	warn	pass	4273154	8641	4273154	320486550	147137	320320476	0.051819335320000166	0.0207	0.2701	0.7092		
SRX4001522	13032939	7396808	4073472	186279	0	0	0	0	101786	0	0	0	0	865547	31556	377491	56.75471971440978	13032939.0	12846660.0	98.57	186279.0	1.43	SRX4001522_val_2.fq.gz	Conventional base calls	Sanger / Illumina 1.9	13032939.0	0.0	20-26	46.0	10.025047966555924	25.980326156671186	pass	pass	pass	pass	fail	fail	fail	warn	fail	warn	pass	13071461	25209	13071461	339857986	159683	339656968	0.05914764645253915	0.0265	0.2679	0.7056		
SRX4001523	18355247	9102210	7401100	408491	0	0	0	0	71564	0	0	0	0	1018537	125142	228203	49.589144727935285	18355247.0	17946756.0	97.77	408491.0	2.23	SRX4001523_val_1.fq.gz	Conventional base calls	Sanger / Illumina 1.9	18355247.0	0.0	20-75	49.0	13.21703320729398	38.47676677954811	pass	pass	fail	pass	fail	fail	fail	warn	fail	warn	pass	18430708	6507028	18430708	724642838	384423	715160090	1.3086099113560823	0.0251	0.2567	0.7182		
SRX4001524	3994321	2390839	1172705	132474	0	0	0	0	5694	0	0	0	0	234106	29153	29350	59.85595549281093	3994321.0	3861847.0	96.68	132474.0	3.32	SRX4001524_val_1.fq.gz	Conventional base calls	Sanger / Illumina 1.9	3994321.0	0.0	20-75	45.0	23.72573112999635	73.9808783520403	pass	pass		pass	fail	fail	fail	warn	fail	warn	pass	3998277	7612	3998277	299870775	114326	299742083	0.0429158193225065	0.0168	0.254	0.7292		
SRX4001525	13543191	5927922	6182080	232917	0	0	0	0	53773	0	0	0	0	900809	96340	149350	43.77049692350938	13543191.0	13310274.0	98.28	232917.0	1.72	SRX4001525_val_2.fq.gz	Conventional base calls	Sanger / Illumina 1.9	13543191.0	0.0	20-26	49.0	9.363538916075491	25.638155512980656	pass	pass	pass	pass	fail	fail	fail	warn	fail	fail	pass	13597483	3531649	13597483	353534558	1174877	347690768	1.6529614623982531	0.0255	0.225	0.7495		
SRX4001526	18267916	6338355	10250208	411076	0	0	0	0	77244	0	0	0	0	856401	48800	285832	34.6966506743298	18267916.0	17856840.0	97.75	411076.0	2.25	SRX4001526_val_1.fq.gz	Conventional base calls	Sanger / Illumina 1.9	18267916.0	0.0	20-75	52.0	10.27675915543242	37.72406047849136	pass	pass	fail	pass	fail	fail	fail	warn	fail	warn	pass	18363990	102193	18363990	696667886	2534506	693959295	0.388792286027664	0.0174	0.1911	0.7915		
SRX4001527	4175735	2616489	1052103	151840	0	0	0	0	13473	0	0	0	0	256339	35449	50042	62.65936415984253	4175735.0	4023895.0	96.36	151840.0	3.64	SRX4001527_val_1.fq.gz	Conventional base calls	Sanger / Illumina 1.9	4175735.0	0.0	20-75	44.0	22.751237569658137	73.97890143890838	pass	pass		pass	fail	fail	fail	warn	fail	warn	pass	4180332	7918	4180332	313524900	132394	313379710	0.046308921556150726	0.0187	0.2677	0.7136		
SRX4001528	13215307	6621164	4835042	290512	0	0	0	0	60539	0	0	0	0	1109719	121071	177260	50.10223372033658	13215307.0	12924795.0	97.8	290512.0	2.2	SRX4001528_val_2.fq.gz	Conventional base calls	Sanger / Illumina 1.9	13215307.0	0.0	20-26	47.0	9.259528839154587	25.647387230580417	pass	pass	pass	pass	fail	fail	fail	warn	fail	fail	pass	13252003	4456456	13252003	344552078	174971	338112398	1.8690004824176392	0.0294	0.2803	0.6903		
SRX5495523	18822879	2032027	16227870	331494	0	0	0	0	3163	0	0	0	0	155999	28446	43880	10.795516456329555	18822879.0	18491385.0	98.24	331494.0	1.76	SRX5495523_val_1.fq.gz	Conventional base calls	Sanger / Illumina 1.9	18822879.0	0.0	20-42	59.0	6.8621067888119995	41.60438618343135	pass	pass		pass	fail	fail	pass	warn	fail	warn	pass	18843915	5913687	18843915	791444430	2584368	780419356	1.3930319782527243	0.0025	0.0423	0.9551		
SRX5495524	12137622	1358817	10356073	249861	0	0	0	0	7473	0	0	0	0	116585	19015	29798	11.195084177114762	12137622.0	11887761.0	97.94	249861.0	2.06	SRX5495524_val_1.fq.gz	Conventional base calls	Sanger / Illumina 1.9	12137622.0	0.0	20-42	59.0	8.058563869460674	41.58528276790956	pass	pass		pass	fail	fail	pass	warn	fail	warn	pass	12153914	3801992	12153914	510464388	1913941	503096255	1.4434176356294617	0.0029	0.0462	0.951		
SRX5495525	19750956	2149030	17022659	369555	0	0	0	0	3550	0	0	0	0	142373	24827	38962	10.880637878996843	19750956.0	19381401.0	98.13	369555.0	1.87	SRX5495525_val_2.fq.gz	Conventional base calls	Sanger / Illumina 1.9	19750956.0	0.0	20-42	58.0	7.097931327942235	41.446155163324754	pass	pass		pass	fail	fail	pass	warn	fail	warn	pass	19775880	6265730	19775880	830586960	2838060	818808039	1.4181442241761175	0.002	0.0447	0.9532		
SRX5495526	10765517	1185476	9241333	209684	0	0	0	0	5750	0	0	0	0	85447	14318	23509	11.011788843954266	10765517.0	10555833.0	98.05	209684.0	1.95	SRX5495526_val_2.fq.gz	Conventional base calls	Sanger / Illumina 1.9	10765517.0	0.0	20-42	58.0	8.397325245131801	41.43488417695128	pass	pass		pass	fail	fail	pass	warn	fail	warn	pass	10779473	2081995	10779473	452737866	1391258	448123218	1.0192759092079122	0.0023	0.0465	0.9512		
SRX5653264	43914004	34715119	5480992	1262159	0	0	0	0	0	0	0	0	0	2040622	350488	64624	79.05250224962406	43914004.0	42651845.0	97.13	1262159.0	2.87	SRX5653264_trimmed.fq.gz	Conventional base calls	Sanger / Illumina 1.9	43914004.0	0.0	20-76	41.0	13.321320368875025	74.01293997240606	pass	pass		pass	fail	fail	pass	warn	fail	warn	pass	43975697	19135504	43975697	3309503753	7467716	3271414654	1.1509006135881543			0.69	0.0097	0.3002
SRX5653265	119762011	94748534	14819828	3948958	0	0	0	0	0	0	0	0	0	5117306	946495	180890	79.11401387540161	119762011.0	115813053.0	96.7	3948958.0	3.3	SRX5653265_trimmed.fq.gz	Conventional base calls	Sanger / Illumina 1.9	119762011.0	0.0	20-76	41.0	10.043720036592267	74.17767358632614	pass	pass		pass	fail	fail	pass	warn	fail	warn	pass	119882000	52663550	119882000	9043167883	16881226	8941475217	1.1245248049764642			0.6795	0.0091	0.3115
SRX5653266	47808355	35677313	7786638	1765859	0	0	0	0	0	0	0	0	0	2134127	373632	70786	74.62568624249883	47808355.0	46042496.0	96.31	1765859.0	3.69	SRX5653266_trimmed.fq.gz	Conventional base calls	Sanger / Illumina 1.9	47808355.0	0.0	20-76	42.0	13.054989389649773	74.18568352749222	pass	pass		pass	fail	fail	pass	warn	fail	warn	pass	47858313	21244296	47858313	3611067858	7192886	3569847751	1.1414935587178323			0.6903	0.0099	0.2998
SRX5653267	40898344	30428445	7135704	1161426	0	0	0	0	0	0	0	0	0	1826098	294911	51760	74.40018842816717	40898344.0	39736918.0	97.16	1161426.0	2.84	SRX5653267_trimmed.fq.gz	Conventional base calls	Sanger / Illumina 1.9	40898344.0	0.0	20-76	42.0	12.962682896665035	74.05662918772457	pass	pass		pass	fail	fail	pass	warn	fail	warn	pass	40950030	18003476	40950030	3083195765	7189876	3048418143	1.1279732021816655			0.7120000000000001	0.0084	0.2796
SRX5653268	45556272	37286240	4496128	1276389	0	0	0	0	0	0	0	0	0	2092430	349024	56061	81.84655671561536	45556272.0	44279883.0	97.2	1276389.0	2.8	SRX5653268_trimmed.fq.gz	Conventional base calls	Sanger / Illumina 1.9	45556272.0	0.0	20-76	40.0	12.79769457225924	74.00082658212244	pass	pass		pass	fail	fail	pass	warn	fail	warn	pass	45599976	19162489	45599976	3429334858	6653774	3392869420	1.0633385046937869			0.7156	0.0089	0.2755
SRX5653269	47681253	36013950	8111044	935730	0	0	0	0	0	0	0	0	0	2216758	344063	59708	75.53062835827744	47681253.0	46745523.0	98.04	935730.0	1.96	SRX5653269_trimmed.fq.gz	Conventional base calls	Sanger / Illumina 1.9	47681253.0	0.0	20-76	42.0	12.863215895057314	73.97812419065413	pass	pass		pass	fail	fail	pass	warn	fail	warn	pass	47741368	20859827	47741368	3590845740	8459878	3550270906	1.1299520207181053			0.7142	0.0086	0.2771
SRX6762909	20384567	2490987	17211302	426632	0	0	0	0	9183	0	0	0	0	172310	29892	44261	12.219965231540115	20384567.0	19957935.0	97.91	426632.0	2.09	SRX6762909_val_2.fq.gz	Conventional base calls	Sanger / Illumina 1.9	20384567.0	0.0	20-42	58.0	8.109191934532193	41.400815136274424	pass	pass		pass	fail	fail	pass	warn	fail	warn	pass	20421828	3804276	20421828	857716776	3141008	848509709	1.0734390719204028	0.0021	0.0503	0.9476		
SRX6762910	64279114	7838987	54161774	1536357	0	0	0	0	27430	0	0	0	0	482953	88922	142691	12.195231875784724	64279114.0	62742757.0	97.61	1536357.0	2.39	SRX6762910_val_1.fq.gz	Conventional base calls	Sanger / Illumina 1.9	64279114.0	0.0	20-42	59.0	4.774260986953632	41.599248334381215	pass	pass		pass	fail	fail	pass	warn	fail	warn	pass	64468973	21253367	64468973	2707696866	13527767	2664001502	1.6137465219491085	0.002	0.0478	0.9502		
SRX6762911	15700558	1887541	13321259	305105	0	0	0	0	8167	0	0	0	0	124295	21986	32205	12.022126856892605	15700558.0	15395453.0	98.06	305105.0	1.94	SRX6762911_val_2.fq.gz	Conventional base calls	Sanger / Illumina 1.9	15700558.0	0.0	20-42	58.0	8.586772153316451	41.40430155412311	pass	pass		pass	fail	fail	pass	warn	fail	warn	pass	15728832	2952641	15728832	660610944	2356143	653540642	1.0702671616654296	0.0021	0.0488	0.9491		
SRX6762912	49135234	5886112	41612812	1087833	0	0	0	0	20750	0	0	0	0	345717	65989	116021	11.979411759797461	49135234.0	48047401.0	97.79	1087833.0	2.21	SRX6762912_val_1.fq.gz	Conventional base calls	Sanger / Illumina 1.9	49135234.0	0.0	20-42	59.0	4.995142867295592	41.605978390171096	pass	pass		pass	fail	fail	pass	warn	fail	warn	pass	49245198	16120062	49245198	2068298316	8980351	2036413240	1.5416091457089405	0.002	0.0474	0.9506		
